Workbook
Name Arm_No: 'Calc.'!#REF!
Name DM_No: 'Calc.'!#REF!
Name Stundensatz: 'Calc.'!$M$1
Name Z_No: 'Calc.'!#REF!

Sheet TW - ASML AVR
J1: -
B2: Repair matrix Double fold (AVR) robots
B3: module_part | C3: id_no | D3: price | E3: need_amount | F3: price_sum
B4: Unit 12NC received: | C4: 4022.480.17075 | F4: upgrade to: 4022.639.49401
B5: Unit serial number: | F5: Repair: 1 ; --
F6: First delivery:
B7: First delivery: 08.06.2019 ; -- | C7: Arm #:
B8: First delivery: 08.06.2019 ; -- | C8: DM #:
B9: First delivery: 08.06.2019 ; -- | C9: Z-stroke #: | F9: Version 08.01.2021 K.Weber
B10: Age dependend parts
B11: Module part | D11: Price | E11: need | F11: sum
B12: Arm parts (after 3,5 years)
B13: Arm - belts incl. Ball-sealings | D13: ='Calc.'!H6 -> 798.122 | F13: =E13*D13 -> 0
B14: Drive module (DM) parts (after 3,5 years)
B15: DM - Lika Motor upgrade (incl. Sealing) | D15: ='Calc.'!H17 -> 6967.222 | F15: =E15*D15 -> 0 | J15: (Motoren, Seals)
B16: Z-stroke module parts (after 5 years)
B17: Z-stroke 14 - average price | D17: ='Calc.'!H31 -> 2739.206 | F17: =E17*D17 -> 0
F18: =SUM(F13:F17) -> 0
B19: Last digit and red mark change dependend parts
B20: Upgrade part | C20: id-no. | F20: sum
B21: Platinepaket to Flex (.4 - .5) | C21: Arm B | D21: ='Calc.'!H42 -> 1102.168 | F21: =E21*D21 -> 0
B22: Lika upgrade from .17075 to .49401 | C22: DM LIKA UPGRADE | D22: ='Calc.'!H47 -> 7536.642 | F22: =E22*D22 -> 0 | J22: (Motoren, Seals, Kabelhaube, Steckerplatte)
F23: =SUM(F21:F22) -> 0
B25: Visual check dependend parts
B26: Module part | D26: Price | F26: sum
B27: Arm
B28: Bearings (Main) | C28: E-10004 | D28: ='Calc.'!H56 -> 602.964 | F28: =E28*D28 -> 0
B29: lower main link | C29: V-700144 | D29: ='Calc.'!I61 -> 1270.4 | F29: =E29*D29 -> 0
B30: second lower link | C30: P2037 | D30: ='Calc.'!I62 -> 972 | F30: =E30*D30 -> 0
B31: upper main link | C31: V-700135 | D31: ='Calc.'!I63 -> 687.6 | F31: =E31*D31 -> 0
B32: second upper link | C32: P2036 | D32: ='Calc.'!I64 -> 539.8 | F32: =E32*D32 -> 0
B33: main connector | C33: 602391 | D33: ='Calc.'!I65 -> 847.2 | F33: =E33*D33 -> 0
B34: moving connector lid | C34: V4004 | D34: ='Calc.'!I66 -> 127.88 | F34: =E34*D34 -> 0
B35: moving connector assy | C35: P2033 | D35: ='Calc.'!I67 -> 423.6 | F35: =E35*D35 -> 0
B36: Polygon bush | C36: V-700144 | D36: ='Calc.'!I68 -> 303 | F36: =E36*D36 -> 0
B37: Arm-gripper interface | C37: V-700133 | D37: ='Calc.'!I69 -> 156.26 | F37: =E37*D37 -> 0
B38: belt-reel upgrade | C38: P2032 | D38: ='Calc.'!I70 -> 1062.756 | F38: =E38*D38 -> 0
B40: Drive module
B41: cable hood | C41: 400370 | D41: ='Calc.'!I84 -> 465.9 | F41: =E41*D41 -> 0
B42: DM housing | C42: 604303 | D42: ='Calc.'!I85 -> 470.38 | F42: =E42*D42 -> 0
B43: DM Lid | C43: 604336 | D43: ='Calc.'!I86 -> 77.41 | F43: =E43*D43 -> 0
B44: slip-ring (required for LIKA) | C44: 400392 | D44: ='Calc.'!G78 -> 576.9 | F44: =E44*D44 -> 0
B45: crank flange | C45: 610854 | D45: ='Calc.'!I87 -> 177.72 | F45: =E45*D45 -> 0
B46: Hollow shaft | C46: V-700144 | D46: ='Calc.'!G108 -> 1228.688 | F46: =E46*D46 -> 0
B48: Z- module
B49: ZM housing | C49: 900119 | D49: ='Calc.'!I88 -> 359.4 | F49: =E49*D49 -> 0
B50: Interface plate | C50: E-19623 | D50: ='Calc.'!I89 -> 739.4 | F50: =E50*D50 -> 0
B51: Clamping flange | C51: 610906 | D51: ='Calc.'!G101 -> 425.2712 | F51: =E51*D51 -> 0
B52: Adapter cable | C52: 602574 | D52: ='Calc.'!I90 -> 164.84 | F52: =E52*D52 -> 0
F54: =SUM(F27:F53) -> 0
B55: Labour & Packaging
B56: General part | D56: Price
B57: total qualification (Labour) | D57: =(2+13.5)*90 -> 1395
B58: Free for extra costs | D58: 3496.52
B59: Grey Box (repair)
B60: Packaging set | D60: 1646.3315
B61: delivery charges | D61: 150
B62: additional hours (Labour) | D62: 90
B63: additional material | D63: =110.94+22.05+26.4 -> 159.39 | L63: Small guiding shaft, cable down holder, z bottom lid
B64: HTs treatment | D64: 250
B65: free for extra costs
B67: Total Repair costs
B70: Re-buy costs
B71: FSD Robot NT | D71: 12457 | F71: =E71*D71 -> 0
B72: FSD Robot Scara (XT) | D72: 10856 | F72: =E72*D72 -> 0
B73: FSD Robot SP | D73: 885 | F73: =E73*D73 -> 0
F74: =SUM(F71:F73) -> 0
B75: TOTAL COSTS IN EURO | F75: =F67+F74 -> 0
B76: Arm: Geom. + Pos. neu einstellen | C76: 0.5 | I76: =IF('Calc.'!U128>'Calc.'!V128,'Calc.'!U130,'Calc.'!V130) -> #DIV/0! | J76: %
B77: Macken ausbessern | C77: 0.25 | I77: =IF('Calc.'!U128>'Calc.'!V128,'Calc.'!U129,'Calc.'!V129) -> Service
B78: Buchse reinigen | C78: 0.5
B79: DM: Geom. + Pos. neu einstellen | C79: 0.5
B80: Macken ausbessern | C80: 0.25
B81: Hohlwelle reinigen | C81: 0.5
B82: Z: Macken ausbessern | C82: 0.25
B83: Dellencheck | C83: 2

Sheet Component Costs
B2: Serial No.
A3: Value Arm | B3: ='TW - ASML AVR'!E7 -> 0 | C3: ='Calc.'!#REF! -> #REF!
A5: Value DM | B5: ='TW - ASML AVR'!E8 -> 0 | C5: ='Calc.'!#REF! -> #REF!
A7: Value Z | B7: ='TW - ASML AVR'!E9 -> 0 | C7: ='Calc.'!#REF! -> #REF!
A9: Total : | C9: =SUM(C3:C7) -> #REF!

Sheet History
A1: Version: | B1: Date / KW | C1: Comment: | D1: Name:
A2: a
A3: b | N3: Decisions & Motivation
A4: c
A5: d | N5: # | O5: Decision | P5: Motivation | Q5: By | R5: Date
A6: e | N6: 1 | O6: Max number of repairs on a robot --> 2 (unless completely different cause & repair) | Q6: CaBr | R6: 1148
A7: f | N7: 2 | O7: Max. Age of robot motor (Sc / FA) 3.5 years | P7: Supplier HD has calculated a lifetime of 4 years | Q7: SjVe | R7: 1148
A8: g | N8: 3 | O8: Max repaircost ****% of new price | Q8: JBFH
A9: h | B9: 41961 | C9: Preisanpassung 115/h | D9: P. Jackson | N9: 4
A10: i | B10: 43258 | C10: Neue Matrix-Version (Preise ?) | D10: P. Jackson | N10: 5
A11: J | N11: 6
A12: m | N12: 7 | O12: Preisanpassung 115/h | Q12: PJ | R12: 41961
A13: n | N13: 8
A14: o | N14: 9
A15: p | N15: 10
A16: q
A17: r
A18: s
A19: t | B19: 43348 | C19: 1,4 Zuschlag /90 € Stunde | D19: P. Jackson
A20: u | B20: 44182 | C20: Matrix Lika / DM Preise / Anpassung | D20: P. Jackson

Sheet Calc.
H1: benötigte Zeit | I1: VK in Matrix inkl. Zeit | K1: Stundensatz | L1: 90 | O1: Teil | P1: Material in % | Q1: Service in % | S1: Material | T1: Service | U1: Material | V1: Service | W1: Kontrolle
A2: Bänder inkl. Seals | H2: 4.75 | I2: 880 | K2: Zuschlag | L2: 1.4 | O2: =A2 -> Bänder inkl. Seals | P2: =100/H6*H4 -> 46.43676 | Q2: =100/H6*H5 -> 53.56324 | R2: =Q2+P2 -> 100 | S2: =IF('TW - ASML AVR'!E13<>0,'Calc.'!P2,0) -> 0 | T2: =IF('TW - ASML AVR'!E13<>0,'Calc.'!Q2,0) -> 0 | U2: =S2*H6/100 -> 0 | V2: =T2*H6/100 -> 0 | W2: =V2+U2 -> 0
A3: EINKAUFSPREISE | K3: Kennwort: | L3: Weber
A4: Teil | B4: Bezeichnung | C4: Menge | D4: EK-Preis | E4: Gesamt EK | G4: Material | H4: =SUM(E5:E7)*$L$2 -> 370.622
A5: 602417 | B5: Stahlband gewalzt | C5: 4 | D5: 54.78 | E5: =D5*C5 -> 219.12 | G5: Zeit | H5: =H2*$L$1 -> 427.5
A6: E-11530 | B6: Bal-Seal 100LA-(I)-(24-2)-SP | C6: 2 | D6: 14.99 | E6: =D6*C6 -> 29.98 | G6: Gesamt | H6: =SUM(H4:H5) -> 798.122
A7: E-18076 | B7: Bal-Seal Dichtung | C7: 1 | D7: 15.63 | E7: =D7*C7 -> 15.63
E8: 0
A12: DM - Lika Motor upgrade (incl. Sealing) | H12: 6.5 | I12: 7322.5 | O12: =A12 -> DM - Lika Motor upgrade (incl. Sealing) | P12: =100/H17*H15 -> 91.60354 | Q12: =100/H17*H16 -> 8.3964599 | R12: =Q12+P12 -> 100 | S12: =IF('TW - ASML AVR'!E15<>0,'Calc.'!P12,0) -> 0 | T12: =IF('TW - ASML AVR'!E15<>0,'Calc.'!Q12,0) -> 0 | U12: =S12*H17/100 -> 0 | V12: =T12*H17/100 -> 0 | W12: =V12+U12 -> 0
A13: PREIS Siehe SCARA / SCARA - NT
A14: Teil | B14: Bezeichnung | C14: Menge | D14: EK-Preis | E14: Gesamt EK
A15: E-18076 | B15: Bal-Seal Dichtung | C15: 2 | D15: 15.63 | E15: 31.26 | G15: Material | H15: =SUM(E15:E23)*L2 -> 6382.222
A16: 400127 | B16: Hohlwellenmotor ged. Form | C16: 2 | D16: 1959.72 | E16: 3919.44 | G16: Zeit | H16: 585
A17: E-10109 | B17: Kugellager 61802, Niro | C17: 2 | D17: 16.8 | E17: 33.6 | G17: Gesamt | H17: =SUM(H15:H16) -> 6967.222
A18: 612678 | B18: Lagerplatte | C18: 1 | D18: 48.52 | E18: 48.52
B19: Yen Aufschlag | C19: 2 | D19: 180 | E19: 360
B20: Zusatzkosten Lika | C20: 2 | D20: 46.985714 | E20: 93.971429
B21: Ammortisation | C21: 2 | D21: 205.71429
B22: Sealing | C22: 1 | D22: 71.428571 | E22: 71.428571
A23: E-19572 | B23: Steckerverbinder | C23: 1 | D23: 0.51 | E23: 0.51
A26: Motor/Spindel upgrade - SCARA | F26: Zeit | H26: 8 | I26: 3165 | O26: =A26 -> Motor/Spindel upgrade - SCARA | P26: =100/H31*H29 -> 73.715011 | Q26: =100/H31*H30 -> 26.284989 | R26: =Q26+P26 -> 100 | S26: =IF('TW - ASML AVR'!E17<>0,'Calc.'!P26,0) -> 0 | T26: =IF('TW - ASML AVR'!E17<>0,'Calc.'!Q26,0) -> 0 | U26: =S26*H31/100 -> 0 | V26: =T26*H31/100 -> 0 | W26: =V26+U26 -> 0
A27: EINKAUFSPREISE
A28: Teil | B28: Bezeichnung | C28: Menge | D28: EK-Preis | E28: Gesamt EK
A29: E-10016 | B29: Gewinderollenschraubtrieb | C29: 1 | D29: 770 | E29: =D29*C29 -> 770 | G29: Material | H29: =SUM(E29:E36)*$L$2 -> 2019.206
A30: E-10018 | B30: DC-Micromotor m. | C30: 1 | D30: 350.5 | E30: =D30*C30 -> 350.5 | G30: Zeit | H30: =H26*$L$1 -> 720
A31: E-10052 | B31: Axial-Schrägkugellager | C31: 1 | D31: 144.4 | E31: =D31*C31 -> 144.4 | G31: Gesamt | H31: =SUM(H29:H30) -> 2739.206
A32: E-10057 | B32: Sensor, induktiv | C32: 1 | D32: 18.36 | E32: =D32*C32 -> 18.36
A33: 609808 | B33: Führungswelle Durchm. | C33: 1 | D33: 47.1 | E33: =D33*C33 -> 47.1
A34: E-10051 | B34: Metallbalgkupplung | C34: 1 | D34: 14.36 | E34: =D34*C34 -> 14.36
A35: E-10041 | B35: Permanentmagnet- | C35: 1 | D35: 97.57 | E35: =D35*C35 -> 97.57
H38: 7.5 | I38: 1251.47 | O38: =A39 -> Platinenpaket 4-> 5 | P38: =100/H42*H40 -> 38.757068 | Q38: =100/H42*H41 -> 61.242932 | R38: =Q38+P38 -> 100 | S38: =IF('TW - ASML AVR'!E21<>0,'Calc.'!P38,0) -> 0 | T38: =IF('TW - ASML AVR'!E21<>0,'Calc.'!Q38,0) -> 0 | U38: =S38*H42/100 -> 0 | V38: =T38*H42/100 -> 0 | W38: =V38+U38 -> 0
A39: Platinenpaket 4-> 5
A40: EINKAUFSPREISE | G40: Material | H40: =SUM(E41:E42)*$L$2 -> 427.168
A41: A-607084 | B41: Umbausatz Faltarm | C41: 1 | D41: 305.12 | E41: =D41*C41 -> 305.12 | G41: Zeit | H41: =H38*$L$1 -> 675
G42: Gesamt | H42: =SUM(H40:H41) -> 1102.168
A44: Upgrade auf Lika (Motoren +Kabelhaube+Steckerplatte) | F44: Zeit | O44: Upgrade auf Lika (Motoren +Kabelhaube+Steckerplatte) | P44: =100/H47*H45 -> 90.446674 | Q44: =100/H47*H46 -> 9.5533263 | R44: =Q44+P44 -> 100 | S44: =IF('TW - ASML AVR'!E22<>0,'Calc.'!P44,0) -> 0 | T44: =IF('TW - ASML AVR'!E22<>0,'Calc.'!Q44,0) -> 0 | U44: =S44*H47/100 -> 0 | V44: =T44*H47/100 -> 0 | W44: =V44+U44 -> 0
A45: EINKAUFSPREISE | G45: Material | H45: =SUM(C47:C49) -> 6816.642
C46: Material+Zuschlag | D46: Zeit | E46: Gesamt | G46: Zeit | H46: =SUM(D47:D49) -> 720
A47: Motoren mit zubehör -> siehe H17 | C47: =H15 -> 6382.222 | D47: =H16 -> 585 | E47: =H17 -> 6967.222 | G47: Gesamt | H47: =SUM(H45:H46) -> 7536.642
A48: Kablehaube -> siehe H84 | C48: =F84 -> 375.9 | D48: =H84 -> 90 | E48: =I84 -> 465.9
A49: Steckerplatte -> siehe I91 | C49: =F91 -> 58.52 | D49: =H91 -> 45 | E49: =I91 -> 103.52
A52: Bearings (Main) arm | H52: 5 | I52: 730
A53: EINKAUFSPREISE | O53: =A52 -> Bearings (Main) arm | P53: =100/H56*H54 -> 25.368679 | Q53: =100/H56*H55 -> 74.631321 | R53: =Q53+P53 -> 100 | S53: =IF('TW - ASML AVR'!E28<>0,'Calc.'!P53,0) -> 0 | T53: =IF('TW - ASML AVR'!E28<>0,'Calc.'!Q53,0) -> 0 | U53: =S53*H56/100 -> 0 | V53: =T53*H56/100 -> 0 | W53: =V53+U53 -> 0
A54: Teil | B54: Bezeichnung | C54: Menge | D54: EK-Preis | E54: Gesamt EK | G54: Material | H54: =SUM(E55:E56)*$L$2 -> 152.964
A55: E-10004 | B55: Nadelschrägkugellager | C55: 1 | D55: 36.6 | E55: =D55*C55 -> 36.6 | G55: Zeit | H55: =H52*$L$1 -> 450
A56: E-10213 | B56: Nadellager NKI 42/ 20 C2 | C56: 2 | D56: 36.33 | E56: =D56*C56 -> 72.66 | G56: Gesamt | H56: =SUM(H54:H55) -> 602.964
A59: diverse Armteile | D59: Material | F59: Mat inkl. 1,4% | G59: Zeit | H59: Zeit in € | I59: Gesamt | J59: Alte preise
A61: 900354+Polygon 604405+Lagerschale+Lemosa | B61: Getriebeglied zentral / lower main link | C61: 1 | D61: =374+120+42+50 -> 586 | E61: =D61*C61 -> 586 | F61: =E61*$L$2 -> 820.4 | G61: 5 | H61: =G61*$L$1 -> 450 | I61: =H61+F61 -> 1270.4 | J61: 1535 | O61: =B61 -> Getriebeglied zentral / lower main link | P61: =100/I61*F61 -> 64.578086 | Q61: =100/I61*H61 -> 35.421914 | R61: =Q61+P61 -> 100 | S61: =IF('TW - ASML AVR'!E29<>0,'Calc.'!P61,0) -> 0 | T61: =IF('TW - ASML AVR'!E29<>0,'Calc.'!Q61,0) -> 0 | U61: =S61*I61/100 -> 0 | V61: =T61*I61/100 -> 0 | W61: =V61+U61 -> 0
A62: 602386 | B62: Getriebeglied / second lower lin | C62: 1 | D62: =305+100 -> 405 | E62: =D62*C62 -> 405 | F62: =E62*$L$2 -> 567 | G62: 4.5 | H62: =G62*$L$1 -> 405 | I62: =H62+F62 -> 972 | J62: 1065 | O62: =B62 -> Getriebeglied / second lower lin | P62: =100/I62*F62 -> 58.333333 | Q62: =100/I62*H62 -> 41.666667 | R62: =Q62+P62 -> 100 | S62: =IF('TW - ASML AVR'!E30<>0,'Calc.'!P62,0) -> 0 | T62: =IF('TW - ASML AVR'!E30<>0,'Calc.'!Q62,0) -> 0 | U62: =S62*I62/100 -> 0 | V62: =T62*I62/100 -> 0 | W62: =V62+U62 -> 0
A63: 602387 | B63: Auslegerglied zentral / upper main lin | C63: 1 | D63: 234 | E63: =D63*C63 -> 234 | F63: =E63*$L$2 -> 327.6 | G63: 4 | H63: =G63*$L$1 -> 360 | I63: =H63+F63 -> 687.6 | J63: 790 | O63: =B63 -> Auslegerglied zentral / upper main lin | P63: =100/I63*F63 -> 47.643979 | Q63: =100/I63*H63 -> 52.356021 | R63: =Q63+P63 -> 100 | S63: =IF('TW - ASML AVR'!E31<>0,'Calc.'!P63,0) -> 0 | T63: =IF('TW - ASML AVR'!E31<>0,'Calc.'!Q63,0) -> 0 | U63: =S63*I63/100 -> 0 | V63: =T63*I63/100 -> 0 | W63: =V63+U63 -> 0
A64: 602388 | B64: Auslegerglied / second upper link | C64: 1 | D64: 257 | E64: =D64*C64 -> 257 | F64: =E64*$L$2 -> 359.8 | G64: 2 | H64: =G64*$L$1 -> 180 | I64: =H64+F64 -> 539.8 | J64: 625 | O64: =B64 -> Auslegerglied / second upper link | P64: =100/I64*F64 -> 66.654316 | Q64: =100/I64*H64 -> 33.345684 | R64: =Q64+P64 -> 100 | S64: =IF('TW - ASML AVR'!E32<>0,'Calc.'!P64,0) -> 0 | T64: =IF('TW - ASML AVR'!E32<>0,'Calc.'!Q64,0) -> 0 | U64: =S64*I64/100 -> 0 | V64: =T64*I64/100 -> 0 | W64: =V64+U64 -> 0
A65: 602391 | B65: Kurbel / main connector | C65: 1 | D65: 348 | E65: =D65*C65 -> 348 | F65: =E65*$L$2 -> 487.2 | G65: 4 | H65: =G65*$L$1 -> 360 | I65: =H65+F65 -> 847.2 | J65: 977 | O65: =B65 -> Kurbel / main connector | P65: =100/I65*F65 -> 57.507082 | Q65: =100/I65*H65 -> 42.492918 | R65: =Q65+P65 -> 100 | S65: =IF('TW - ASML AVR'!E33<>0,'Calc.'!P65,0) -> 0 | T65: =IF('TW - ASML AVR'!E33<>0,'Calc.'!Q65,0) -> 0 | U65: =S65*I65/100 -> 0 | V65: =T65*I65/100 -> 0 | W65: =V65+U65 -> 0
A66: 602411 | B66: Koppelglied / moving connector lid | C66: 2 | D66: 29.6 | E66: =D66*C66 -> 59.2 | F66: =E66*$L$2 -> 82.88 | G66: 0.5 | H66: =G66*$L$1 -> 45 | I66: =H66+F66 -> 127.88 | J66: 125 | O66: =B66 -> Koppelglied / moving connector lid | P66: =100/I66*F66 -> 64.81076 | Q66: =100/I66*H66 -> 35.18924 | R66: =Q66+P66 -> 100 | S66: =IF('TW - ASML AVR'!E34<>0,'Calc.'!P66,0) -> 0 | T66: =IF('TW - ASML AVR'!E34<>0,'Calc.'!Q66,0) -> 0 | U66: =S66*I66/100 -> 0 | V66: =T66*I66/100 -> 0 | W66: =V66+U66 -> 0
A67: 8xE-10297+2x602411+602419+Elox. | B67: Koppelgliedverbindung / moving connector assy | C67: 1 | D67: =44+(2*29.6)+(8*5.1)+30 -> 174 | E67: =D67*C67 -> 174 | F67: =E67*$L$2 -> 243.6 | G67: 2 | H67: =G67*$L$1 -> 180 | I67: =H67+F67 -> 423.6 | J67: 670 | O67: =B67 -> Koppelgliedverbindung / moving connector assy | P67: =100/I67*F67 -> 57.507082 | Q67: =100/I67*H67 -> 42.492918 | R67: =Q67+P67 -> 100 | S67: =IF('TW - ASML AVR'!E35<>0,'Calc.'!P67,0) -> 0 | T67: =IF('TW - ASML AVR'!E35<>0,'Calc.'!Q67,0) -> 0 | U67: =S67*I67/100 -> 0 | V67: =T67*I67/100 -> 0 | W67: =V67+U67 -> 0
A68: 604405 | B68: Einpressbuchse Polygon /Polygon bush | C68: 1 | D68: 120 | E68: =D68*C68 -> 120 | F68: =E68*$L$2 -> 168 | G68: 1.5 | H68: =G68*$L$1 -> 135 | I68: =H68+F68 -> 303 | J68: 365 | O68: =B68 -> Einpressbuchse Polygon /Polygon bush | P68: =100/I68*F68 -> 55.445545 | Q68: =100/I68*H68 -> 44.554455 | R68: =Q68+P68 -> 100 | S68: =IF('TW - ASML AVR'!E36<>0,'Calc.'!P68,0) -> 0 | T68: =IF('TW - ASML AVR'!E36<>0,'Calc.'!Q68,0) -> 0 | U68: =S68*I68/100 -> 0 | V68: =T68*I68/100 -> 0 | W68: =V68+U68 -> 0
A69: 602348 | B69: Endeffektorhalter / Arm-gripper interface | C69: 1 | D69: 63.4 | E69: =D69*C69 -> 63.4 | F69: =E69*$L$2 -> 88.76 | G69: 0.75 | H69: =G69*$L$1 -> 67.5 | I69: =H69+F69 -> 156.26 | J69: 175 | O69: =B69 -> Endeffektorhalter / Arm-gripper interface | P69: =100/I69*F69 -> 56.802765 | Q69: =100/I69*H69 -> 43.197235 | R69: =Q69+P69 -> 100 | S69: =IF('TW - ASML AVR'!E37<>0,'Calc.'!P69,0) -> 0 | T69: =IF('TW - ASML AVR'!E37<>0,'Calc.'!Q69,0) -> 0 | U69: =S69*I69/100 -> 0 | V69: =T69*I69/100 -> 0 | W69: =V69+U69 -> 0
A70: A-606934 / A-606938 | B70: belt-reel upgrade | C70: 1 | D70: =377.76+252.78 -> 630.54 | E70: =D70*C70 -> 630.54 | F70: =E70*$L$2 -> 882.756 | G70: 2 | H70: =G70*$L$1 -> 180 | I70: =H70+F70 -> 1062.756 | J70: 1066 | O70: =B70 -> belt-reel upgrade | P70: =100/I70*F70 -> 83.062904 | Q70: =100/I70*H70 -> 16.937096 | R70: =Q70+P70 -> 100 | S70: =IF('TW - ASML AVR'!E38<>0,'Calc.'!P70,0) -> 0 | T70: =IF('TW - ASML AVR'!E38<>0,'Calc.'!Q70,0) -> 0 | U70: =S70*I70/100 -> 0 | V70: =T70*I70/100 -> 0 | W70: =V70+U70 -> 0
I71: =G71+F71 -> 0 | O71: =B71 -> 0 | S71: =IF('TW - ASML AVR'!E39<>0,'Calc.'!P71,0) -> 0 | T71: =IF('TW - ASML AVR'!E39<>0,'Calc.'!Q71,0) -> 0
I72: =G72+F72 -> 0
A74: slip-ring | O74: =A74 -> slip-ring | P74: =100/G78*G76 -> 68.798752 | Q74: =100/G78*G77 -> 31.201248 | R74: =Q74+P74 -> 100 | S74: =IF('TW - ASML AVR'!E44<>0,'Calc.'!P74,0) -> 0 | T74: =IF('TW - ASML AVR'!E44<>0,'Calc.'!Q74,0) -> 0 | U74: =S74*G78/100 -> 0 | V74: =T74*G78/100 -> 0 | W74: =V74+U74 -> 0
A75: EINKAUFSPREISE
F76: Material | G76: 396.9
B77: WIE SCARA / SCARA NT | F77: Zeit | G77: 180
F78: Gesamt | G78: 576.9
D82: Material | F82: Mat inkl. 1,4% | G82: Zeit | H82: Zeit in € | I82: Gesamt
A83: 400384 | B83: DM Gesamt Neue Nummer
A84: 400370 (neu!) | B84: Kabelhaube = SCARA / NT | C84: 1 | D84: 268.5 | E84: =D84*C84 -> 268.5 | F84: =E84*$L$2 -> 375.9 | G84: 1 | H84: =G84*$L$1 -> 90 | I84: =H84+F84 -> 465.9 | J84: 595 | O84: =B84 -> Kabelhaube = SCARA / NT | P84: =100/I84*F84 -> 80.68255 | Q84: =100/I84*H84 -> 19.31745 | S84: =IF('TW - ASML AVR'!E41<>0,'Calc.'!P84,0) -> 0 | T84: =IF('TW - ASML AVR'!E41<>0,'Calc.'!Q84,0) -> 0 | U84: =S84*I84/100 -> 0 | V84: =T84*I84/100 -> 0 | W84: =V84+U84 -> 0
A85: 604303 | B85: Hubrohr DM = SCARA / NT | C85: 1 | D85: 271.7 | E85: =D85*C85 -> 271.7 | F85: =E85*$L$2 -> 380.38 | G85: 1 | H85: =G85*$L$1 -> 90 | I85: =H85+F85 -> 470.38 | J85: 550 | O85: =B85 -> Hubrohr DM = SCARA / NT | P85: =100/I85*F85 -> 80.866533 | Q85: =100/I85*H85 -> 19.133467 | S85: =IF('TW - ASML AVR'!E42<>0,'Calc.'!P85,0) -> 0 | T85: =IF('TW - ASML AVR'!E42<>0,'Calc.'!Q85,0) -> 0 | U85: =S85*I85/100 -> 0 | V85: =T85*I85/100 -> 0 | W85: =V85+U85 -> 0
A86: 604336 | B86: Deckel DM = Scara / NT | C86: 1 | D86: 23.15 | E86: =D86*C86 -> 23.15 | F86: =E86*$L$2 -> 32.41 | G86: 0.5 | H86: =G86*$L$1 -> 45 | I86: =H86+F86 -> 77.41 | J86: 95 | O86: =B86 -> Deckel DM = Scara / NT | P86: =100/I86*F86 -> 41.867976 | Q86: =100/I86*H86 -> 58.132024 | S86: =IF('TW - ASML AVR'!E43<>0,'Calc.'!P86,0) -> 0 | T86: =IF('TW - ASML AVR'!E43<>0,'Calc.'!Q86,0) -> 0 | U86: =S86*I86/100 -> 0 | V86: =T86*I86/100 -> 0 | W86: =V86+U86 -> 0
A87: 610854 | B87: Kurbelflansch DM = Scara / NT | C87: 1 | D87: 94.8 | E87: =D87*C87 -> 94.8 | F87: =E87*$L$2 -> 132.72 | G87: 0.5 | H87: =G87*$L$1 -> 45 | I87: =H87+F87 -> 177.72 | J87: 200 | O87: =B87 -> Kurbelflansch DM = Scara / NT | P87: =100/I87*F87 -> 74.679271 | Q87: =100/I87*H87 -> 25.320729 | S87: =IF('TW - ASML AVR'!E45<>0,'Calc.'!P87,0) -> 0 | T87: =IF('TW - ASML AVR'!E45<>0,'Calc.'!Q87,0) -> 0 | U87: =S87*I87/100 -> 0 | V87: =T87*I87/100 -> 0 | W87: =V87+U87 -> 0
A88: 900119 | B88: Z-Triebgehäuse | C88: 1 | D88: 96 | E88: =D88*C88 -> 96 | F88: =E88*$L$2 -> 134.4 | G88: 2.5 | H88: =G88*$L$1 -> 225 | I88: =H88+F88 -> 359.4 | J88: 325 | O88: =B88 -> Z-Triebgehäuse | P88: =100/I88*F88 -> 37.395659 | Q88: =100/I88*H88 -> 62.604341 | S88: =IF('TW - ASML AVR'!E49<>0,'Calc.'!P88,0) -> 0 | T88: =IF('TW - ASML AVR'!E49<>0,'Calc.'!Q88,0) -> 0 | U88: =S88*I88/100 -> 0 | V88: =T88*I88/100 -> 0 | W88: =V88+U88 -> 0
A89: 602900 | B89: Interfaceplate | C89: 1 | D89: 271 | E89: =D89*C89 -> 271 | F89: =E89*$L$2 -> 379.4 | G89: 4 | H89: =G89*$L$1 -> 360 | I89: =H89+F89 -> 739.4 | J89: 700 | O89: =B89 -> Interfaceplate | P89: =100/I89*F89 -> 51.311874 | Q89: =100/I89*H89 -> 48.688126 | S89: =IF('TW - ASML AVR'!E50<>0,'Calc.'!P89,0) -> 0 | T89: =IF('TW - ASML AVR'!E50<>0,'Calc.'!Q89,0) -> 0 | U89: =S89*I89/100 -> 0 | V89: =T89*I89/100 -> 0 | W89: =V89+U89 -> 0
A90: A-602574 | B90: Adapterkabel f. Z-Trieb | C90: 1 | D90: 85.6 | E90: =D90*C90 -> 85.6 | F90: =E90*$L$2 -> 119.84 | G90: 0.5 | H90: =G90*$L$1 -> 45 | I90: =H90+F90 -> 164.84 | J90: 180 | O90: =B90 -> Adapterkabel f. Z-Trieb | P90: =100/I90*F90 -> 72.700801 | Q90: =100/I90*H90 -> 27.299199 | S90: =IF('TW - ASML AVR'!E52<>0,'Calc.'!P90,0) -> 0 | T90: =IF('TW - ASML AVR'!E52<>0,'Calc.'!Q90,0) -> 0 | U90: =S90*I90/100 -> 0 | V90: =T90*I90/100 -> 0 | W90: =V90+U90 -> 0
A91: 605797 | B91: Einsatz m. Steckerplatte/connector panel assy | C91: 1 | D91: 41.8 | E91: =D91*C91 -> 41.8 | F91: =E91*$L$2 -> 58.52 | G91: 0.5 | H91: =G91*$L$1 -> 45 | I91: =H91+F91 -> 103.52 | O91: =B91 -> Einsatz m. Steckerplatte/connector panel assy
A97: Clamping flange | O97: =A97 -> Clamping flange | P97: =100/G101*G99 -> 73.546292 | Q97: =100/G101*G100 -> 26.453708 | S97: =IF('TW - ASML AVR'!E51<>0,'Calc.'!P97,0) -> 0 | T97: =IF('TW - ASML AVR'!F51<>0,'Calc.'!Q97,0) -> 0 | U97: =S97*G101/100 -> 0 | V97: =T97*G101/100 -> 0 | W97: =V97+U97 -> 0
A98: EINKAUFSPREISE
F99: Material | G99: 312.7712 | J99: 360
B100: WIE SCARA / SCARA NT | F100: Zeit | G100: 112.5
F101: Gesamt | G101: 425.2712
A104: Hollow shaft | F104: Zeit | G104: 6 | H104: 1495 | I104: =H104-G108 -> 266.312 | O104: =A104 -> Hollow shaft | P104: =100/G108*G106 -> 56.050682 | Q104: =100/G108*G107 -> 43.949318 | S104: =IF('TW - ASML AVR'!E46<>0,'Calc.'!P104,0) -> 0 | T104: =IF('TW - ASML AVR'!F46<>0,'Calc.'!Q104,0) -> 0 | U104: =S104*G108/100 -> 0 | V104: =T104*G108/100 -> 0 | W104: =V104+U104 -> 0
A105: EINKAUFSPREISE | F105: Zuschlag | G105: 1.4
A106: 603106 | B106: Getriebeflansch | C106: 1 | D106: 34.27 | E106: =D106*C106 -> 34.27 | F106: Material | G106: =SUM(E106:E109)*G105 -> 688.688
A107: 603107 | B107: Hohlwelle lang | C107: 1 | D107: 432.46 | E107: =D107*C107 -> 432.46 | F107: Zeit | G107: =G104*L1 -> 540
A108: E-10002 | B108: Lemosa-Stift FGG.2B.312.ZLA | C108: 1 | D108: 11.1 | E108: =D108*C108 -> 11.1 | F108: Gesamt | G108: =SUM(G106:G107) -> 1228.688
A109: E-10102 | B109: Lemosa-Buchse EGG.2B.312.ZLL | C109: 1 | D109: 14.09 | E109: =D109*C109 -> 14.09
O114: total qualification (Labour) | P114: 0 | Q114: 100 | R114: ='TW - ASML AVR'!D57 -> 1395 | S114: =IF('TW - ASML AVR'!E57<>0,'Calc.'!P114,0) -> 0 | T114: =IF('TW - ASML AVR'!F57<>0,'Calc.'!Q114,0) -> 0 | U114: =S114*R114/100 -> 0 | V114: =T114*R114/100 -> 0 | W114: =V114+U114 -> 0
O115: Grey Box (new) | P115: 100 | Q115: 0 | R115: ='TW - ASML AVR'!D58 -> 3496.52 | S115: =IF('TW - ASML AVR'!E58<>0,'Calc.'!P115,0) -> 0 | T115: =IF('TW - ASML AVR'!F58<>0,'Calc.'!Q115,0) -> 0 | U115: =S115*R115/100 -> 0 | V115: =T115*R115/100 -> 0 | W115: =V115+U115 -> 0
O116: Grey Box (repair) | P116: 50 | Q116: 50 | R116: ='TW - ASML AVR'!D59 -> 0 | S116: =IF('TW - ASML AVR'!E59<>0,'Calc.'!P116,0) -> 0 | T116: =IF('TW - ASML AVR'!F59<>0,'Calc.'!Q116,0) -> 0 | U116: =S116*R116/100 -> 0 | V116: =T116*R116/100 -> 0 | W116: =V116+U116 -> 0
O117: Packaging set | P117: 33 | Q117: 67 | R117: ='TW - ASML AVR'!D60 -> 1646.3315 | S117: =IF('TW - ASML AVR'!E60<>0,'Calc.'!P117,0) -> 0 | T117: =IF('TW - ASML AVR'!F60<>0,'Calc.'!Q117,0) -> 0 | U117: =S117*R117/100 -> 0 | V117: =T117*R117/100 -> 0 | W117: =V117+U117 -> 0
O118: delivery charges | P118: 50 | Q118: 50 | R118: ='TW - ASML AVR'!D61 -> 150 | S118: =IF('TW - ASML AVR'!E61<>0,'Calc.'!P118,0) -> 0 | T118: =IF('TW - ASML AVR'!F61<>0,'Calc.'!Q118,0) -> 0 | U118: =S118*R118/100 -> 0 | V118: =T118*R118/100 -> 0 | W118: =V118+U118 -> 0
O119: additional hours (Labour) | P119: 0 | Q119: 100 | R119: ='TW - ASML AVR'!D62 -> 90 | S119: =IF('TW - ASML AVR'!E62<>0,'Calc.'!P119,0) -> 0 | T119: =IF('TW - ASML AVR'!F62<>0,'Calc.'!Q119,0) -> 0 | U119: =S119*R119/100 -> 0 | V119: =T119*R119/100 -> 0 | W119: =V119+U119 -> 0
O120: additional material | P120: 100 | Q120: 0 | R120: ='TW - ASML AVR'!D63 -> 159.39 | S120: =IF('TW - ASML AVR'!E63<>0,'Calc.'!P120,0) -> 0 | T120: =IF('TW - ASML AVR'!F63<>0,'Calc.'!Q120,0) -> 0 | U120: =S120*R120/100 -> 0 | V120: =T120*R120/100 -> 0 | W120: =V120+U120 -> 0
O121: HTs treatment | P121: 50 | Q121: 50 | R121: ='TW - ASML AVR'!D64 -> 250 | S121: =IF('TW - ASML AVR'!E64<>0,'Calc.'!P121,0) -> 0 | T121: =IF('TW - ASML AVR'!F64<>0,'Calc.'!Q121,0) -> 0 | U121: =S121*R121/100 -> 0 | V121: =T121*R121/100 -> 0 | W121: =V121+U121 -> 0
O122: extra costs | P122: 50 | Q122: 50 | R122: ='TW - ASML AVR'!D65 -> 0 | S122: =IF('TW - ASML AVR'!E65<>0,'Calc.'!P122,0) -> 0 | T122: =IF('TW - ASML AVR'!F65<>0,'Calc.'!Q122,0) -> 0 | U122: =S122*R122/100 -> 0 | V122: =T122*R122/100 -> 0 | W122: =V122+U122 -> 0
R123: ='TW - ASML AVR'!D66 -> 0
U128: =SUM(U2:U127) -> 0 | V128: =SUM(V2:V127) -> 0 | W128: =V128+U128 -> 0
U129: Material | V129: Service
U130: =100/'TW - ASML AVR'!F67*'Calc.'!U128 -> #DIV/0! | V130: =100/'TW - ASML AVR'!$F$67*'Calc.'!$V$128 -> #DIV/0!

Sheet INTERNAL DOCUMENT
